user id,Person name,Country,Organization,EmailID,Latest System Access ,Licensing Level               
user1,User 1,GERMANY,New Product Development,user1@omniumconsultants2go.com,10/03/2019,1
user2,User 2,GERMANY,Manufacturing Operations,user2@omniumconsultants2go.com,18/03/2019,1
user3,User 3,North America,Manufacturing Operations,user3@omniumconsultants2go.com,18/03/2019,1
user4,User 4,North America,Manufacturing Operations,user4@omniumconsultants2go.com,14/03/2019,1
user5,User 5,GERMANY,Manufacturing Operations,user5@omniumconsultants2go.com,18/03/2019,1
user6,User 6,North America,Quality,user6@omniumconsultants2go.com,10/03/2019,1
user7,User 7,AUSTRALIA,Manufacturing Operations,user7@omniumconsultants2go.com,18/03/2019,1
user8,User 8,INDIA,New Product Development,user8@omniumconsultants2go.com,18/03/2019,0
user9,User 9,INDIA,Quality,user9@omniumconsultants2go.com,18/03/2019,1
user10,User 10,INDIA,Manufacturing Operations,user10@omniumconsultants2go.com,18/03/2019,1
user11,User 11,GERMANY,Marketing,user11@omniumconsultants2go.com,18/03/2019,1
user12,User 12,INDIA,Manufacturing Operations,user12@omniumconsultants2go.com,15/03/2019,1
user13,User 13,INDIA,Quality,user13@omniumconsultants2go.com,18/03/2019,1
user14,User 14,AUSTRALIA,Manufacturing Operations,user14@omniumconsultants2go.com,18/03/2019,1
user15,User 15,INDIA,New Product Development,user15@omniumconsultants2go.com,18/03/2019,0
user16,User 16,INDIA,Manufacturing Operations,user16@omniumconsultants2go.com,12/02/2019,1
user17,User 17,UK,Manufacturing Operations,user17@omniumconsultants2go.com,18/03/2019,1
user18,User 18,North America,Manufacturing Operations,user18@omniumconsultants2go.com,29/01/2019,1
user19,User 19,AUSTRALIA,Quality,user19@omniumconsultants2go.com,15/03/2019,1
user20,User 20,INDIA,New Product Development,user20@omniumconsultants2go.com,18/03/2019,0
user21,User 21,AUSTRALIA,Production,user21@omniumconsultants2go.com,14/03/2019,1
user22,User 22,GERMANY,New Product Development,user22@omniumconsultants2go.com,18/03/2019,1
user23,User 23,UK,Manufacturing Operations,user23@omniumconsultants2go.com,18/03/2019,1
user24,User 24,North America,Manufacturing Operations,user24@omniumconsultants2go.com,15/03/2019,1
user25,User 25,INDIA,Automation,user25@omniumconsultants2go.com,22/02/2019,1
user26,User 26,GERMANY,Sales,user26@omniumconsultants2go.com,06/03/2019,1
user27,User 27,GERMANY,New Product Development,user27@omniumconsultants2go.com,18/03/2019,0
user28,User 28,INDIA,Purchasing,user28@omniumconsultants2go.com,18/03/2019,1
user29,User 29,INDIA,Manufacturing Operations,user29@omniumconsultants2go.com,18/03/2019,1
user30,User 30,INDIA,Production,user30@omniumconsultants2go.com,15/03/2019,1
user31,User 31,GERMANY,New Product Development,user31@omniumconsultants2go.com,18/03/2019,1
user32,User 32,AUSTRALIA,Purchasing,user32@omniumconsultants2go.com,18/12/2018,1
user33,User 33,AUSTRALIA,Sales,user33@omniumconsultants2go.com,15/03/2019,1
user34,User 34,North America,Manufacturing Operations,user34@omniumconsultants2go.com,18/03/2019,1
user35,User 35,GERMANY,New Product Development,user35@omniumconsultants2go.com,18/03/2019,1
user36,User 36,INDIA,New Product Development,user36@omniumconsultants2go.com,24/01/2019,0
user37,User 37,GERMANY,Quality,user37@omniumconsultants2go.com,25/10/2018,1
user38,User 38,GERMANY,New Product Development,user38@omniumconsultants2go.com,18/03/2019,0
user39,User 39,GERMANY,Manufacturing Operations,user39@omniumconsultants2go.com,25/02/2019,1
user40,User 40,GERMANY,New Product Development,user40@omniumconsultants2go.com,14/03/2019,0
user41,User 41,GERMANY,New Product Development,user41@omniumconsultants2go.com,11/03/2019,1
user42,User 42,GERMANY,Manufacturing Operations,user42@omniumconsultants2go.com,18/03/2019,1
user43,User 43,INDIA,New Product Development,user43@omniumconsultants2go.com,18/03/2019,0
user44,User 44,INDIA,Quality,user44@omniumconsultants2go.com,15/03/2019,1
user45,User 45,GERMANY,New Product Development,user45@omniumconsultants2go.com,18/03/2019,0
user46,User 46,GERMANY,Quality,user46@omniumconsultants2go.com,18/03/2019,1
user47,User 47,AUSTRALIA,New Product Development,user47@omniumconsultants2go.com,18/03/2019,0
user48,User 48,AUSTRALIA,New Product Development,user48@omniumconsultants2go.com,18/03/2019,0
user49,User 49,AUSTRALIA,New Product Development,user49@omniumconsultants2go.com,18/03/2019,1
user50,User 50,North America,Quality,user50@omniumconsultants2go.com,18/03/2019,1
user51,User 51,INDIA,New Product Development,user51@omniumconsultants2go.com,18/03/2019,0
user52,User 52,INDIA,New Product Development,user52@omniumconsultants2go.com,18/03/2019,0
user53,User 53,INDIA,New Product Development,user53@omniumconsultants2go.com,18/03/2019,0
user54,User 54,INDIA,Manufacturing Operations,user54@omniumconsultants2go.com,15/03/2019,0
user55,User 55,North America,Manufacturing Operations,user55@omniumconsultants2go.com,18/03/2019,1
user56,User 56,GERMANY,New Product Development,user56@omniumconsultants2go.com,15/03/2019,0
user57,User 57,GERMANY,New Product Development,user57@omniumconsultants2go.com,18/03/2019,0
user58,User 58,North America,New Product Development,user58@omniumconsultants2go.com,18/03/2019,1
user59,User 59,North America,Manufacturing Operations,user59@omniumconsultants2go.com,18/03/2019,0
user60,User 60,GERMANY,New Product Development,user60@omniumconsultants2go.com,12/03/2019,1
user61,User 61,GERMANY,New Product Development,user61@omniumconsultants2go.com,18/03/2019,0
user62,User 62,North America,Manufacturing Operations,user62@omniumconsultants2go.com,18/03/2019,1
user63,User 63,INDIA,New Product Development,user63@omniumconsultants2go.com,18/03/2019,0
user64,User 64,UK,Quality,user64@omniumconsultants2go.com,14/03/2019,1
user65,User 65,GERMANY,New Product Development,user65@omniumconsultants2go.com,18/03/2019,0
user66,User 66,North America,Quality,user66@omniumconsultants2go.com,18/03/2019,1
user67,User 67,AUSTRALIA,Manufacturing Operations,user67@omniumconsultants2go.com,04/02/2019,1
user68,User 68,INDIA,New Product Development,user68@omniumconsultants2go.com,18/03/2019,0
user69,User 69,INDIA,Automation,user69@omniumconsultants2go.com,05/03/2019,0
user70,User 70,AUSTRALIA,New Product Development,user70@omniumconsultants2go.com,14/03/2019,0
user71,User 71,INDIA,Automation,user71@omniumconsultants2go.com,18/03/2019,0
user72,User 72,INDIA,New Product Development,user72@omniumconsultants2go.com,18/03/2019,0
user73,User 73,INDIA,Purchasing,user73@omniumconsultants2go.com,18/03/2019,1
user74,User 74,GERMANY,Sales,user74@omniumconsultants2go.com,07/03/2019,1
user75,User 75,INDIA,IT,user75@omniumconsultants2go.com,18/03/2019,0
user76,User 76,AUSTRALIA,Production,user76@omniumconsultants2go.com,16/03/2019,1
user77,User 77,INDIA,New Product Development,user77@omniumconsultants2go.com,18/03/2019,0
user78,User 78,North America,Quality,user78@omniumconsultants2go.com,17/03/2019,0
user79,User 79,INDIA,Quality,user79@omniumconsultants2go.com,25/01/2019,1
user80,User 80,UK,Manufacturing Operations,user80@omniumconsultants2go.com,18/03/2019,1
user81,User 81,GERMANY,Sales,user81@omniumconsultants2go.com,08/02/2019,1
user82,User 82,GERMANY,Manufacturing Operations,user82@omniumconsultants2go.com,08/03/2019,1
user83,User 83,North America,Manufacturing Operations,user83@omniumconsultants2go.com,18/03/2019,1
user84,User 84,GERMANY,New Product Development,user84@omniumconsultants2go.com,18/03/2019,0
user85,User 85,AUSTRALIA,Manufacturing Operations,user85@omniumconsultants2go.com,18/03/2019,1
user86,User 86,INDIA,IT,user86@omniumconsultants2go.com,15/06/2018,0
user87,User 87,GERMANY,Continuous Improvement,user87@omniumconsultants2go.com,18/03/2019,1
user88,User 88,INDIA,New Product Development,user88@omniumconsultants2go.com,18/03/2019,0
user89,User 89,GERMANY,Quality,user89@omniumconsultants2go.com,06/03/2019,1
user90,User 90,GERMANY,Sales,user90@omniumconsultants2go.com,14/03/2019,1
user91,User 91,GERMANY,New Product Development,user91@omniumconsultants2go.com,13/03/2019,0
user92,User 92,North America,Manufacturing Operations,user92@omniumconsultants2go.com,18/03/2019,1
user93,User 93,North America,New Product Development,user93@omniumconsultants2go.com,17/03/2019,0
user94,User 94,North America,Manufacturing Operations,user94@omniumconsultants2go.com,07/03/2019,1
user95,User 95,GERMANY,New Product Development,user95@omniumconsultants2go.com,22/02/2019,1
user96,User 96,GERMANY,Manufacturing Operations,user96@omniumconsultants2go.com,08/02/2019,1
user97,User 97,INDIA,New Product Development,user97@omniumconsultants2go.com,18/03/2019,0
user98,User 98,INDIA,New Product Development,user98@omniumconsultants2go.com,18/03/2019,0
user99,User 99,AUSTRALIA,Manufacturing Operations,user99@omniumconsultants2go.com,16/11/2018,1
user100,User 100,GERMANY,Services,user100@omniumconsultants2go.com,15/03/2019,0
user101,User 101,North America,Manufacturing Operations,user101@omniumconsultants2go.com,13/03/2019,1
user102,User 102,GERMANY,New Product Development,user102@omniumconsultants2go.com,14/03/2019,0
user103,User 103,GERMANY,New Product Development,user103@omniumconsultants2go.com,15/03/2019,1
user104,User 104,UK,Manufacturing Operations,user104@omniumconsultants2go.com,18/03/2019,1
user105,User 105,AUSTRALIA,New Product Development,user105@omniumconsultants2go.com,18/03/2019,1
user106,User 106,AUSTRALIA,Quality,user106@omniumconsultants2go.com,18/03/2019,1
user107,User 107,AUSTRALIA,New Product Development,user107@omniumconsultants2go.com,18/03/2019,0
user108,User 108,INDIA,New Product Development,user108@omniumconsultants2go.com,18/03/2019,0
user109,User 109,INDIA,New Product Development,user109@omniumconsultants2go.com,28/11/2018,1
user110,User 110,GERMANY,New Product Development,user110@omniumconsultants2go.com,15/03/2019,0
user111,User 111,North America,Manufacturing Operations,user111@omniumconsultants2go.com,18/03/2019,1
user112,User 112,AUSTRALIA,Purchasing,user112@omniumconsultants2go.com,25/12/2018,1
user113,User 113,GERMANY,Continuous Improvement,user113@omniumconsultants2go.com,14/03/2019,1
user114,User 114,AUSTRALIA,Sales,user114@omniumconsultants2go.com,15/03/2019,1
user115,User 115,INDIA,New Product Development,user115@omniumconsultants2go.com,18/03/2019,0
user116,User 116,GERMANY,New Product Development,user116@omniumconsultants2go.com,18/03/2019,0
user117,User 117,AUSTRALIA,Manufacturing Operations,user117@omniumconsultants2go.com,13/12/2018,1
user118,User 118,North America,Manufacturing Operations,user118@omniumconsultants2go.com,14/02/2019,1
user119,User 119,North America,Quality,user119@omniumconsultants2go.com,17/03/2019,0
user120,User 120,AUSTRALIA,Manufacturing Operations,user120@omniumconsultants2go.com,20/11/2018,1
user121,User 121,AUSTRALIA,New Product Development,user121@omniumconsultants2go.com,23/11/2018,0
user122,User 122,INDIA,New Product Development,user122@omniumconsultants2go.com,18/03/2019,0
user123,User 123,North America,Quality,user123@omniumconsultants2go.com,18/03/2019,1
user124,User 124,GERMANY,New Product Development,user124@omniumconsultants2go.com,08/03/2019,0
user125,User 125,GERMANY,New Product Development,user125@omniumconsultants2go.com,18/03/2019,0
user126,User 126,GERMANY,New Product Development,user126@omniumconsultants2go.com,18/03/2019,0
user127,User 127,GERMANY,Continuous Improvement,user127@omniumconsultants2go.com,18/03/2019,0
user128,User 128,North America,Manufacturing Operations,user128@omniumconsultants2go.com,17/03/2019,1
user129,User 129,GERMANY,New Product Development,user129@omniumconsultants2go.com,18/03/2019,0
user130,User 130,GERMANY,New Product Development,user130@omniumconsultants2go.com,14/03/2019,0
user131,User 131,GERMANY,Manufacturing Operations,user131@omniumconsultants2go.com,18/03/2019,1
user132,User 132,North America,Manufacturing Operations,user132@omniumconsultants2go.com,18/03/2019,1
user133,User 133,GERMANY,Manufacturing Operations,user133@omniumconsultants2go.com,18/03/2019,1
user134,User 134,UK,Quality,user134@omniumconsultants2go.com,23/10/2018,1
user135,User 135,North America,Manufacturing Operations,user135@omniumconsultants2go.com,11/03/2019,1
user136,User 136,North America,Manufacturing Operations,user136@omniumconsultants2go.com,18/03/2019,1
user137,User 137,INDIA,New Product Development,user137@omniumconsultants2go.com,01/03/2019,0
user138,User 138,GERMANY,New Product Development,user138@omniumconsultants2go.com,17/03/2019,1
user139,User 139,GERMANY,New Product Development,user139@omniumconsultants2go.com,17/12/2018,0
user140,User 140,North America,Manufacturing Operations,user140@omniumconsultants2go.com,21/10/2018,1
user141,User 141,GERMANY,Quality,user141@omniumconsultants2go.com,18/03/2019,1
user142,User 142,North America,Manufacturing Operations,user142@omniumconsultants2go.com,18/03/2019,1
user143,User 143,INDIA,Quality,user143@omniumconsultants2go.com,05/02/2019,1
user144,User 144,North America,Quality,user144@omniumconsultants2go.com,18/03/2019,1
user145,User 145,North America,Manufacturing Operations,user145@omniumconsultants2go.com,14/03/2019,1
user146,User 146,GERMANY,IT,user146@omniumconsultants2go.com,18/03/2019,5
user147,User 147,AUSTRALIA,New Product Development,user147@omniumconsultants2go.com,18/03/2019,0
user148,User 148,AUSTRALIA,Manufacturing Operations,user148@omniumconsultants2go.com,16/03/2019,1
user149,User 149,INDIA,New Product Development,user149@omniumconsultants2go.com,18/03/2019,1
user150,User 150,North America,Services,user150@omniumconsultants2go.com,07/02/2019,1
user151,User 151,North America,Manufacturing Operations,user151@omniumconsultants2go.com,23/01/2019,1
user152,User 152,INDIA,New Product Development,user152@omniumconsultants2go.com,17/03/2019,0
user153,User 153,North America,Production,user153@omniumconsultants2go.com,18/03/2019,1
user154,User 154,GERMANY,New Product Development,user154@omniumconsultants2go.com,18/03/2019,0
user155,User 155,North America,Manufacturing Operations,user155@omniumconsultants2go.com,17/03/2019,1
user156,User 156,North America,Manufacturing Operations,user156@omniumconsultants2go.com,12/03/2019,0
user157,User 157,GERMANY,Production,user157@omniumconsultants2go.com,15/11/2018,1
user158,User 158,INDIA,Quality,user158@omniumconsultants2go.com,18/03/2019,1
user159,User 159,INDIA,New Product Development,user159@omniumconsultants2go.com,18/03/2019,0
user160,User 160,INDIA,New Product Development,user160@omniumconsultants2go.com,27/01/2019,0
user161,User 161,INDIA,New Product Development,user161@omniumconsultants2go.com,18/03/2019,0
user162,User 162,INDIA,New Product Development,user162@omniumconsultants2go.com,18/03/2019,0
user163,User 163,North America,Quality,user163@omniumconsultants2go.com,18/03/2019,1
user164,User 164,GERMANY,Manufacturing Operations,user164@omniumconsultants2go.com,11/03/2019,1
user165,User 165,GERMANY,New Product Development,user165@omniumconsultants2go.com,18/03/2019,0
user166,User 166,GERMANY,Automation,user166@omniumconsultants2go.com,13/03/2019,0
user167,User 167,INDIA,New Product Development,user167@omniumconsultants2go.com,18/03/2019,0
user168,User 168,INDIA,New Product Development,user168@omniumconsultants2go.com,18/03/2019,0
user169,User 169,INDIA,Continuous Improvement,user169@omniumconsultants2go.com,15/03/2019,1
user170,User 170,INDIA,Production,user170@omniumconsultants2go.com,20/02/2019,1
user171,User 171,GERMANY,Manufacturing Operations,user171@omniumconsultants2go.com,18/03/2019,0
user172,User 172,North America,Manufacturing Operations,user172@omniumconsultants2go.com,18/03/2019,1
user173,User 173,GERMANY,New Product Development,user173@omniumconsultants2go.com,14/03/2019,1
user174,User 174,GERMANY,Finance,user174@omniumconsultants2go.com,06/03/2019,1
user175,User 175,North America,Manufacturing Operations,user175@omniumconsultants2go.com,14/03/2019,1
user176,User 176,GERMANY,New Product Development,user176@omniumconsultants2go.com,18/03/2019,0
user177,User 177,GERMANY,New Product Development,user177@omniumconsultants2go.com,18/03/2019,1
user178,User 178,GERMANY,New Product Development,user178@omniumconsultants2go.com,18/03/2019,1
user179,User 179,AUSTRALIA,New Product Development,user179@omniumconsultants2go.com,15/03/2019,1
user180,User 180,GERMANY,New Product Development,user180@omniumconsultants2go.com,14/03/2019,1
user181,User 181,INDIA,New Product Development,user181@omniumconsultants2go.com,18/03/2019,0
user182,User 182,GERMANY,Sales,user182@omniumconsultants2go.com,18/03/2019,1
user183,User 183,GERMANY,New Product Development,user183@omniumconsultants2go.com,18/03/2019,0
user184,User 184,North America,New Product Development,user184@omniumconsultants2go.com,17/03/2019,0
user185,User 185,GERMANY,New Product Development,user185@omniumconsultants2go.com,10/03/2019,1
user186,User 186,North America,Sales,user186@omniumconsultants2go.com,14/03/2019,1
user187,User 187,GERMANY,Manufacturing Operations,user187@omniumconsultants2go.com,18/03/2019,1
user188,User 188,INDIA,Manufacturing Operations,user188@omniumconsultants2go.com,15/03/2019,0
user189,User 189,INDIA,Quality,user189@omniumconsultants2go.com,18/03/2019,0
user190,User 190,GERMANY,Manufacturing Operations,user190@omniumconsultants2go.com,18/03/2019,1
user191,User 191,AUSTRALIA,Production,user191@omniumconsultants2go.com,18/03/2019,1
user192,User 192,INDIA,Production,user192@omniumconsultants2go.com,18/03/2019,1
user193,User 193,AUSTRALIA,Sales,user193@omniumconsultants2go.com,26/02/2019,1
user194,User 194,GERMANY,Production,user194@omniumconsultants2go.com,08/03/2019,1
user195,User 195,INDIA,Production,user195@omniumconsultants2go.com,28/11/2018,1
user196,User 196,North America,Sales,user196@omniumconsultants2go.com,18/03/2019,1
user197,User 197,INDIA,New Product Development,user197@omniumconsultants2go.com,18/03/2019,0
user198,User 198,AUSTRALIA,Purchasing,user198@omniumconsultants2go.com,15/03/2019,1
user199,User 199,North America,Manufacturing Operations,user199@omniumconsultants2go.com,18/03/2019,0
user200,User 200,INDIA,Purchasing,user200@omniumconsultants2go.com,18/03/2019,1
user201,User 201,UK,Manufacturing Operations,user201@omniumconsultants2go.com,17/03/2019,0
user202,User 202,AUSTRALIA,Manufacturing Operations,user202@omniumconsultants2go.com,18/03/2019,1
user203,User 203,INDIA,Quality,user203@omniumconsultants2go.com,18/03/2019,1
user204,User 204,INDIA,Production,user204@omniumconsultants2go.com,18/03/2019,1
user205,User 205,UK,Manufacturing Operations,user205@omniumconsultants2go.com,18/03/2019,1
user206,User 206,North America,Manufacturing Operations,user206@omniumconsultants2go.com,04/03/2019,1
user207,User 207,GERMANY,New Product Development,user207@omniumconsultants2go.com,18/03/2019,0
user208,User 208,GERMANY,New Product Development,user208@omniumconsultants2go.com,18/03/2019,0
user209,User 209,North America,Quality,user209@omniumconsultants2go.com,17/03/2019,1
user210,User 210,GERMANY,New Product Development,user210@omniumconsultants2go.com,18/03/2019,0
user211,User 211,GERMANY,Services,user211@omniumconsultants2go.com,28/02/2019,1
user212,User 212,GERMANY,New Product Development,user212@omniumconsultants2go.com,11/10/2018,1
user213,User 213,North America,Quality,user213@omniumconsultants2go.com,18/03/2019,1
user214,User 214,North America,Manufacturing Operations,user214@omniumconsultants2go.com,03/03/2019,1
user215,User 215,INDIA,Manufacturing Operations,user215@omniumconsultants2go.com,18/03/2019,1
user216,User 216,GERMANY,New Product Development,user216@omniumconsultants2go.com,13/03/2019,0
user217,User 217,GERMANY,New Product Development,user217@omniumconsultants2go.com,13/03/2019,0
user218,User 218,INDIA,New Product Development,user218@omniumconsultants2go.com,18/03/2019,0
user219,User 219,GERMANY,Quality,user219@omniumconsultants2go.com,18/03/2019,1
user220,User 220,GERMANY,New Product Development,user220@omniumconsultants2go.com,18/03/2019,0
user221,User 221,GERMANY,New Product Development,user221@omniumconsultants2go.com,18/03/2019,0
user222,User 222,INDIA,New Product Development,user222@omniumconsultants2go.com,18/03/2019,0
user223,User 223,INDIA,New Product Development,user223@omniumconsultants2go.com,18/03/2019,0
user224,User 224,North America,Manufacturing Operations,user224@omniumconsultants2go.com,18/02/2019,1
user225,User 225,North America,New Product Development,user225@omniumconsultants2go.com,18/03/2019,0
user226,User 226,North America,Sales,user226@omniumconsultants2go.com,12/03/2019,1
user227,User 227,North America,Manufacturing Operations,user227@omniumconsultants2go.com,12/03/2019,1
user228,User 228,GERMANY,Sales,user228@omniumconsultants2go.com,14/03/2019,1
user229,User 229,GERMANY,New Product Development,user229@omniumconsultants2go.com,27/02/2019,0
user230,User 230,GERMANY,Quality,user230@omniumconsultants2go.com,15/03/2019,0
user231,User 231,North America,Manufacturing Operations,user231@omniumconsultants2go.com,04/03/2019,1
user232,User 232,North America,Manufacturing Operations,user232@omniumconsultants2go.com,15/03/2019,1
user233,User 233,INDIA,New Product Development,user233@omniumconsultants2go.com,18/03/2019,0
user234,User 234,GERMANY,New Product Development,user234@omniumconsultants2go.com,16/01/2019,1
user235,User 235,AUSTRALIA,Quality,user235@omniumconsultants2go.com,18/03/2019,1
user236,User 236,INDIA,New Product Development,user236@omniumconsultants2go.com,18/03/2019,0
user237,User 237,INDIA,Production,user237@omniumconsultants2go.com,18/03/2019,1
user238,User 238,INDIA,New Product Development,user238@omniumconsultants2go.com,18/03/2019,0
user239,User 239,INDIA,New Product Development,user239@omniumconsultants2go.com,18/03/2019,0
user240,User 240,INDIA,Production,user240@omniumconsultants2go.com,18/03/2019,1
user241,User 241,GERMANY,New Product Development,user241@omniumconsultants2go.com,18/03/2019,0
user242,User 242,North America,Manufacturing Operations,user242@omniumconsultants2go.com,17/03/2019,1
user243,User 243,GERMANY,New Product Development,user243@omniumconsultants2go.com,18/03/2019,0
user244,User 244,INDIA,New Product Development,user244@omniumconsultants2go.com,18/03/2019,0
user245,User 245,AUSTRALIA,Production,user245@omniumconsultants2go.com,01/03/2019,1
user246,User 246,North America,Manufacturing Operations,user246@omniumconsultants2go.com,07/03/2019,1
user247,User 247,GERMANY,New Product Development,user247@omniumconsultants2go.com,18/03/2019,0
user248,User 248,North America,Production,user248@omniumconsultants2go.com,16/03/2019,1
user249,User 249,GERMANY,Manufacturing Operations,user249@omniumconsultants2go.com,12/03/2019,1
user250,User 250,North America,Manufacturing Operations,user250@omniumconsultants2go.com,14/03/2019,1
user251,User 251,GERMANY,New Product Development,user251@omniumconsultants2go.com,18/03/2019,0
user252,User 252,GERMANY,New Product Development,user252@omniumconsultants2go.com,18/03/2019,0
user253,User 253,INDIA,Manufacturing Operations,user253@omniumconsultants2go.com,05/03/2019,1
user254,User 254,GERMANY,Manufacturing Operations,user254@omniumconsultants2go.com,21/11/2018,1
user255,User 255,North America,Manufacturing Operations,user255@omniumconsultants2go.com,06/03/2019,1
user256,User 256,GERMANY,New Product Development,user256@omniumconsultants2go.com,02/01/2019,1
user257,User 257,North America,Quality,user257@omniumconsultants2go.com,18/03/2019,1
user258,User 258,North America,Manufacturing Operations,user258@omniumconsultants2go.com,21/10/2018,1
user259,User 259,INDIA,New Product Development,user259@omniumconsultants2go.com,18/03/2019,0
user260,User 260,INDIA,New Product Development,user260@omniumconsultants2go.com,18/03/2019,0
user261,User 261,North America,Quality,user261@omniumconsultants2go.com,14/03/2019,1
user262,User 262,INDIA,Quality,user262@omniumconsultants2go.com,11/03/2019,1
user263,User 263,GERMANY,Manufacturing Operations,user263@omniumconsultants2go.com,14/03/2019,1
user264,User 264,North America,New Product Development,user264@omniumconsultants2go.com,18/03/2019,1
user265,User 265,North America,Manufacturing Operations,user265@omniumconsultants2go.com,17/03/2019,1
user266,User 266,North America,Manufacturing Operations,user266@omniumconsultants2go.com,14/03/2019,1
user267,User 267,North America,Manufacturing Operations,user267@omniumconsultants2go.com,12/03/2019,1
user268,User 268,INDIA,New Product Development,user268@omniumconsultants2go.com,11/03/2019,0
user269,User 269,GERMANY,New Product Development,user269@omniumconsultants2go.com,15/03/2019,0
user270,User 270,INDIA,Quality,user270@omniumconsultants2go.com,12/03/2019,1
user271,User 271,GERMANY,Manufacturing Operations,user271@omniumconsultants2go.com,06/03/2019,0
user272,User 272,INDIA,Manufacturing Operations,user272@omniumconsultants2go.com,15/03/2019,1
user273,User 273,GERMANY,New Product Development,user273@omniumconsultants2go.com,04/02/2019,1
user274,User 274,INDIA,New Product Development,user274@omniumconsultants2go.com,18/03/2019,0
user275,User 275,GERMANY,IT,user275@omniumconsultants2go.com,18/03/2019,0
user276,User 276,INDIA,IT,user276@omniumconsultants2go.com,18/03/2019,0
user277,User 277,GERMANY,Purchasing,user277@omniumconsultants2go.com,09/01/2019,1
user278,User 278,INDIA,Quality,user278@omniumconsultants2go.com,18/03/2019,1
user279,User 279,INDIA,Sales,user279@omniumconsultants2go.com,11/10/2018,1
user280,User 280,North America,Manufacturing Operations,user280@omniumconsultants2go.com,01/11/2018,1
user281,User 281,INDIA,New Product Development,user281@omniumconsultants2go.com,18/03/2019,0
user282,User 282,AUSTRALIA,Quality,user282@omniumconsultants2go.com,18/03/2019,1
user283,User 283,INDIA,New Product Development,user283@omniumconsultants2go.com,18/03/2019,0
user284,User 284,GERMANY,New Product Development,user284@omniumconsultants2go.com,24/01/2019,0
user285,User 285,North America,Manufacturing Operations,user285@omniumconsultants2go.com,18/03/2019,1
user286,User 286,INDIA,New Product Development,user286@omniumconsultants2go.com,18/03/2019,0
user287,User 287,North America,Manufacturing Operations,user287@omniumconsultants2go.com,18/03/2019,1
user288,User 288,GERMANY,New Product Development,user288@omniumconsultants2go.com,18/03/2019,0
user289,User 289,INDIA,Quality,user289@omniumconsultants2go.com,15/03/2019,1
user290,User 290,GERMANY,Automation,user290@omniumconsultants2go.com,07/03/2019,1
user291,User 291,INDIA,Quality,user291@omniumconsultants2go.com,29/10/2018,1
user292,User 292,INDIA,Quality,user292@omniumconsultants2go.com,20/02/2019,1
user293,User 293,INDIA,New Product Development,user293@omniumconsultants2go.com,27/02/2019,0
user294,User 294,GERMANY,Manufacturing Operations,user294@omniumconsultants2go.com,18/03/2019,1
user295,User 295,GERMANY,Manufacturing Operations,user295@omniumconsultants2go.com,18/03/2019,1
user296,User 296,GERMANY,Manufacturing Operations,user296@omniumconsultants2go.com,18/03/2019,1
user297,User 297,GERMANY,New Product Development,user297@omniumconsultants2go.com,18/03/2019,1
user298,User 298,GERMANY,New Product Development,user298@omniumconsultants2go.com,14/03/2019,1
user299,User 299,GERMANY,New Product Development,user299@omniumconsultants2go.com,11/03/2019,0
user300,User 300,GERMANY,Manufacturing Operations,user300@omniumconsultants2go.com,18/03/2019,1
user301,User 301,GERMANY,IT,user301@omniumconsultants2go.com,18/03/2019,5
user302,User 302,North America,Manufacturing Operations,user302@omniumconsultants2go.com,18/03/2019,1
user303,User 303,North America,Manufacturing Operations,user303@omniumconsultants2go.com,06/03/2019,1
user304,User 304,North America,Manufacturing Operations,user304@omniumconsultants2go.com,10/03/2019,1
user305,User 305,North America,Manufacturing Operations,user305@omniumconsultants2go.com,13/03/2019,1
user306,User 306,GERMANY,New Product Development,user306@omniumconsultants2go.com,18/03/2019,1
user307,User 307,GERMANY,New Product Development,user307@omniumconsultants2go.com,18/03/2019,0
user308,User 308,GERMANY,Manufacturing Operations,user308@omniumconsultants2go.com,21/02/2019,1
user309,User 309,GERMANY,New Product Development,user309@omniumconsultants2go.com,09/11/2018,0
user310,User 310,GERMANY,New Product Development,user310@omniumconsultants2go.com,15/03/2019,0
user311,User 311,UK,Manufacturing Operations,user311@omniumconsultants2go.com,18/03/2019,1
user312,User 312,UK,Manufacturing Operations,user312@omniumconsultants2go.com,18/03/2019,1
user313,User 313,GERMANY,New Product Development,user313@omniumconsultants2go.com,18/03/2019,1
user314,User 314,INDIA,New Product Development,user314@omniumconsultants2go.com,15/03/2019,0
user315,User 315,INDIA,Sales,user315@omniumconsultants2go.com,27/11/2018,1
user316,User 316,AUSTRALIA,Manufacturing Operations,user316@omniumconsultants2go.com,08/03/2019,1
user317,User 317,GERMANY,IT,user317@omniumconsultants2go.com,18/03/2019,0
user318,User 318,GERMANY,Sales,user318@omniumconsultants2go.com,18/03/2019,0
user319,User 319,North America,Manufacturing Operations,user319@omniumconsultants2go.com,21/02/2019,1
user320,User 320,GERMANY,New Product Development,user320@omniumconsultants2go.com,14/03/2019,0
user321,User 321,North America,Manufacturing Operations,user321@omniumconsultants2go.com,18/03/2019,1
user322,User 322,UK,Manufacturing Operations,user322@omniumconsultants2go.com,05/12/2018,1
user323,User 323,North America,Manufacturing Operations,user323@omniumconsultants2go.com,18/03/2019,1
user324,User 324,INDIA,Manufacturing Operations,user324@omniumconsultants2go.com,14/03/2019,1
user325,User 325,North America,Production,user325@omniumconsultants2go.com,18/03/2019,1
user326,User 326,AUSTRALIA,Manufacturing Operations,user326@omniumconsultants2go.com,18/03/2019,1
user327,User 327,GERMANY,New Product Development,user327@omniumconsultants2go.com,18/03/2019,0
user328,User 328,GERMANY,Sales,user328@omniumconsultants2go.com,18/03/2019,0
user329,User 329,North America,Sales,user329@omniumconsultants2go.com,12/03/2019,1
user330,User 330,North America,Manufacturing Operations,user330@omniumconsultants2go.com,18/03/2019,1
user331,User 331,AUSTRALIA,Quality,user331@omniumconsultants2go.com,15/03/2019,1
user332,User 332,INDIA,Manufacturing Operations,user332@omniumconsultants2go.com,13/03/2019,1
user333,User 333,GERMANY,Manufacturing Operations,user333@omniumconsultants2go.com,23/01/2019,0